N,ARIMA_win_rate,ARIMAX_win_rate,NN_win_rate
299,0.7792642140468228,0.7558528428093646,0.7792642140468228
